<?xml version="1.0" encoding="utf-8"?>
<doctrine-mapping xmlns="http://doctrine-project.org/schemas/orm/doctrine-mapping" xmlns:xsi="http://www.w3.org/2001/XMLSchema-instance" xsi:schemaLocation="http://doctrine-project.org/schemas/orm/doctrine-mapping http://doctrine-project.org/schemas/orm/doctrine-mapping.xsd">
  <entity name="App\DataBundle\Entity\Customer" table="customer">
    <indexes>
      <index name="fk_user_customer_idx" columns="User"/>
    </indexes>
    <id name="id" type="integer" column="Id">
      <generator strategy="IDENTITY"/>
    </id>
    <field name="firstname" type="string" column="Firstname" length="45" nullable="true"/>
    <field name="lastname" type="string" column="Lastname" length="45" nullable="true"/>
    <field name="company" type="string" column="Company" length="45" nullable="true"/>
    <field name="address" type="string" column="Address" length="45" nullable="true"/>
    <field name="country" type="string" column="Country" length="45" nullable="true"/>
    <field name="city" type="string" column="City" length="45" nullable="true"/>
    <field name="state" type="string" column="State" length="45" nullable="true"/>
    <field name="saddress" type="text" column="SAddress" nullable="true"/>
    <field name="zip" type="string" column="Zip" length="45" nullable="true"/>
    <field name="phone" type="string" column="Phone" length="45" nullable="true"/>
    <many-to-one field="user" target-entity="User">
      <join-columns>
        <join-column name="User" referenced-column-name="Id"/>
      </join-columns>
    </many-to-one>
  </entity>
</doctrine-mapping>
