<?xml version="1.0" encoding="utf-8"?>
<doctrine-mapping xmlns="http://doctrine-project.org/schemas/orm/doctrine-mapping" xmlns:xsi="http://www.w3.org/2001/XMLSchema-instance" xsi:schemaLocation="http://doctrine-project.org/schemas/orm/doctrine-mapping http://doctrine-project.org/schemas/orm/doctrine-mapping.xsd">
  <entity name="App\DataBundle\Entity\Orders" table="orders">
    <indexes>
      <index name="fk_order_customer_idx" columns="Customer"/>
    </indexes>
    <id name="id" type="integer" column="Id">
      <generator strategy="IDENTITY"/>
    </id>
    <field name="orderid" type="string" column="Orderid" length="45" nullable="true"/>
    <field name="status" type="integer" column="Status" nullable="true"/>
    <field name="payment" type="string" column="Payment" length="45" nullable="true"/>
    <field name="card" type="string" column="Card" length="45" nullable="true"/>
    <field name="cvv" type="string" column="Cvv" length="45" nullable="true"/>
    <field name="exp" type="string" column="Exp" length="45" nullable="true"/>
    <field name="price" type="float" column="Price" precision="10" scale="0" nullable="true"/>
    <field name="review" type="text" column="Review" nullable="true"/>
    <many-to-one field="customer" target-entity="Customer">
      <join-columns>
        <join-column name="Customer" referenced-column-name="Id"/>
      </join-columns>
    </many-to-one>
  </entity>
</doctrine-mapping>
