<?xml version="1.0" encoding="utf-8"?>
<doctrine-mapping xmlns="http://doctrine-project.org/schemas/orm/doctrine-mapping" xmlns:xsi="http://www.w3.org/2001/XMLSchema-instance" xsi:schemaLocation="http://doctrine-project.org/schemas/orm/doctrine-mapping http://doctrine-project.org/schemas/orm/doctrine-mapping.xsd">
  <entity name="App\DataBundle\Entity\User" table="user">
    <id name="id" type="integer" column="Id">
      <generator strategy="IDENTITY"/>
    </id>
    <field name="email" type="string" column="Email" length="200" nullable="true"/>
    <field name="password" type="string" column="Password" length="200" nullable="true"/>
    <field name="role" type="string" column="Role" length="45" nullable="true"/>
  </entity>
</doctrine-mapping>
